Kuinka monta nahkiaista on kerpussa?,31
Mikä tauti tai sairaus aiheutti eniten ihmiskuolemia vuonna 2015 maailman terveysjärjestön WHO:n mukaan?,	Sepelvaltimotauti
Mikä on Hervannan keskusakselin suunnitelleen pariskunnan sukunimi? ,Pietilä
Mikä eläin oli maailman ensimmäinen kloonattu eläin Dolly?,Lammas
Mikä on Frederikin oikea nimi?,Ilkka Sysimetsä
Minkä kolmivarpaisen nisäkkään latinankielinen nimi on Bradypus?,Laiskiainen
Mihin tarkoitukseen kiniiniä sisältävä tonic-vesi alun perin kehitettiin?,Malarialääkkeeksi
Mistä VHS on lyhenne?,Video Home System
Mistä Italian kaupungista parmesan-juuston on kotoisin?,Parmasta
Mikä eläin Puuha-Petellä on lemmikkinä?,Kissa
Kuinka monta aikavyöhykettä Kiinassa on?,Yksi
Mitkä vitamiinit ovat vesiliukoisia?,B- ja C-vitamiinit
"Mikä on raskain alkuaine, jota syntyy tähtien ydinsynteesissä?",Rauta
Kuka on eniten Oscar-palkintoja voittanut henkilö?,Walt Disney (22)
Mikä oli ensimmäinen Walt Disney Pictures- elokuva?,Lumikki ja 7 kääpiötä
Kuka suomalainen on voittanut nobelin kirjallisuuspalkinnon?,Frans Emil Sillanpää
"Minkä niminen patsas sijaitsee Brysselin vanhassa keskustassa, jossa pronssinen poika pissaa?","Manneken pis (manneke pis, petit julien)"
Mamilla on kaikilla ihmisillä. Mikä se on?,Nänni
Kenen kirjoittama on tarina Ronja Ryövärin tytär?,Astrid Lindgren
Minkä päällä oscar-paptsas seisoo?,Filmirullan
Vanhat egyptiläiset pitävät tätä meillekin tuttua lemmikkieläintä jumalallisena. Mikä eläin on kyseessä?,Kissa
Kuka hollantilainen suuri taiteilija maalasi itsestään 64 muotokuvaa?,Rembrandt
Mitä kultakalalle tapahtuu juoksevassa vedessä?,Se menettää värinsä
Raamatun mukaan millä Jeesus ruokki 5000 ihmistä Gennesaretin järven rannalla?,5 leivällä ja 2 kalalla
"Missä maassa sijaitsee Petra, historiallinen rauniokaupunki, joka lukeutuu myös uusiin seitsemään ihmeseen?",Jordaniassa
Miksi kutsutaan kahden sävelen välistä korkeuseroa?,Intervalli
Mitä planeettaa kiertää Io-niminen kuu?,Jupiteria
Kuka seuraavista ei ole ollut miss suomi? A) Vanessa Kurri B) Lola Odusoga C) Armi Kuusela D) Sara Sieppi,c
Kuka on Sepe Suden poika?,Pikku Hukka
Kuka kehitti pikkumustan?,Coco Chanel
Minkä maalainen ohjelma Big Brother on alunperin?,Alankomaalainen
Millä kuninkaalla normaalissa perinteisessä pelikorttipakassa ei ole viiksiä?,herttakuningas
"Kenen taiteilijan veistos on ""the thinker""",auguste rodin
Kim il sun ja kim jong il johtivat molemmat pohjois-koreaa aikanaan. Kuka hallitsee maata tällä hetkellä?,Kim Jong-un
"Mitä tarkoitetaan kun mennään ""sivakoimaan""?",Mennään hiihtämään
"Contra on 1987 julkaistu videopeli, jota jo aikanaan pidettiin tasoltaan kovin vaikeana. Pelin sisään kuidenkin jätettiin koodi, joka antaa pelaajalle alussa 3 elämän sijaan 30 elämää, jotta pelin läpipääseminen helpotuisi. Näppäilemällä ylös,ylös, alas,alas, vasen,oikea,vasen,oikea,b,a, sait nämä elämät käyttöösi. Nykyään kyseinen koodi esiintyy myös muissa peleissä ja kenties maailman tunnetuon huijauskoodi. Mikä on tämän koodin nimi?",Konami koodi
Mitä tekee manikyyri?,Hoitaa käsiä ja kynsiä
Mainitse kaksi 2 tai enemmän nobel palkintoa voittanutta henkilöä/järjestöä.,"marie curie, john bardeen, punainen risti, linus pauling, frederick sanger, Yhdistyneiden kansakuntien pakolaisjärjestö"
Missä yhtyeessä Beyoncé vaikutti ennen soolouraansa?,Destiny's Childissa
Millä elokuvalla on eniten voitettuja oscar-palkintoja? (yhtenä vuonna),"Ben-Hur, Titanic ja LOTR: Kuninkaan paluu (11 kpl)"
"Vuonna 1946 julkistettiin vaateasu, jota dubattiin ""muodin atomipommiksi"". Millä nimellä tämä vaateasu tunnetaan paremmin?",Bikini
Millä eläimellä on tihein turkki? (karvoja per neliöcm),merisaukolla
"Moderneja olympialaisia on järjestetty jo vuodesta 1896 lähtien, jonka aikana on mm. sodittu molemmat maailmansodat. Kuinka monet olympialaiset peruttiin näiden sotien takia?",5
Kuningatar Elisabet II on pisimpään hallinnut nykyinen hallitsija. Kuinka monta vuotta hän on hallinnut Isoa Britanniaa ja Kansanyhteisöä? a) 55 b) 66 c) 47 d) 51 vuotta,
Milloin voit nähdä taivaalla koronan?,Auringonpimennyksen aikana
Mitä valmistetaan perkolaattorilla?,Kahvia
Kuinka monta voimalapatoa on Tammerkoskessa?,Kolme
Mikä on youtuben tilatuin kanava?,PewDiePie
"Mistä näytelmästä on kuuluisa lausahdus: ""Ollakko vai eikö olla.""",Hamlet
Mikä on Kiinan aikavyöhyke?,UTC+8
"Kimble on klassinen lautapeli, jonka moni saattaa muistaa lapsuudestaan. Minkä väriset ovat kimblen pelaajien värivaihtoehdot?","Sininen, Vihreä, Keltainen, Punainen"
Lehmä käyttää märehtimiseen kaikkia neljää vatsaansa. Mitkä ovat näiden vatsojen nimet?,"Pötsi, Verkkomaha, Satakerta, Juoksutusmaha"
"Kuka Rooman keisari soitti legendan mukaan viulua, kun Rooma paloi?",Nero
Minkä elokuvan teossa hyödynnettiin Bruce-nimistä animatronista eläintä?,Tappajahaissa
Kuka kirjailija kirjoitti Narnia-kirjasarjan?,C.S. Lewis
"Kuinka monta vuotta aviopari on ollut naimisissa, kun vietetään timanttihäitä?",60 vuotta
Kenen faaraon hauta sijaitsee Gizan suurimmassa pyramidissa?,Kheops (Khufu)
Millä valtiolla on eniten rantaviivaa kilometreissä mitattuna CIA:n World Factbookin mukaan?,"Kanadalla (202,080 km)"
"Missä kaupungissa sijaitsi Viisauden talo, joka oli pimeän keskiajan aikaan maailman suurin kirjasto?",Bagdadissa
Missä kaupungissa sijaitsee Meripihkahuone?,Pietarissa
Minkä niminen oli Beatlesin viimeisenä äänitetty studioalbumi?,Abbey Road
Mikä yhtiö toi markkinoille ensimmäisen kannettavan musiikkisoittimen?,Sony
"Maailmassa on kaksi sisämaata, joiden naapurimaat ovat kaikki myös sisämaita. Mitkä kaksi valtiota nämä ovat? // What are the two countries in the world that are landlocked and have only other landlocked countries as neighbors?",Liechtenstein ja Uzbekistan
"Millä nimellä alle 2,11 % hiiltä sisältäviä rautaseoksia kutsutaan?",Teräs
Mikä on keskilämmöltään aurinkokunnan kumin planeetta?,Venus (keskilämötila n. 460 C)
Mikä on toiseksi kevein alkuaine? // What is the second lightest element?,Helium
Mikä on pohjoisen pallonpuoliskon suurin jyrsijä?,Majava
Mikä on rubriikki?,Otsikko
Mistä maasta islanninponi on alunperin kotoisin?,Norjasta
Missä maassa kompassi keksittiin?,Kiinassa
Mikä on maailman suurin lintu?,Strutsi
Mitä metallia löytyy hemoglobiinista?,Rautaa
Mikä on keltavahveron toinen nimi? // What is a another name for girolle?,Kantarelli // (Golden) cantharelle
"Minkä niminen on Charles Darwinin kirjoittama kirja, jossa hän loi perustan evoluutioteorialle? // What is the name of the book written by Charles Darwin that laid the foundation for the theory of evolution?",Lajien synty (Origin of Species)
Kuka ratsasti Marengo-nimisellä hevosella Waterloon taistelussa? // Who rode the horse named Marengo in the Battle of Waterloo?,Napoleon
Mikä Yhdysvaltain vanhin ja arvovaltaisin yliopisto?,Harvard
Minkä planeetan kuu Phobos on?,Mars
Minkä maan alueita on Sisä-Mongolia?,Kiinan
Mikä on Gaussin käyrän toinen nimitys?,"Kellokäyrä, normaalijakauma"
Mistä metallista rubiini pääosin koostuu?,Alumiinista
Miksi kutsuttiin Espanjan pitkään voittamatonta sotalaivastoa 1500-luvulta?,Armada
Minkä vitamiinin puutostila johtaa keripukkiin?,C-vitamiinin
Mistä elokuvasta laulu Somewhere Over the Rainbow on alunperin tuttu?,Ihmemaa Oz (Wizard of Oz)
Mikä yritys on kehittänyt ohjelmointikieli Go:n? // Which company has developed the programming language Go?,Google
Mistä maasta Gouda on peräisin? // What country does Gouda originate from?,Alankomaat/hollanti
Kuinka monta sydäntä on mustekalalla? // How many hearts does an octopus have?,3
Mihin peliin liittyy termi kuningatargamibiitti? // To which game term Queen's gambit is related to?,Shakki
"Suositussa Craps-noppapelissä lyödään vetoa nopanheittäjän puolesta tai häntä vastaan. Pelaaja häviää, mikäli hän heittää ensimmäisellä vuorolla tuloksen nimeltä Craps. Mitä tarkoittaa tulos Craps? // In the popular game of Craps, bets are placed for or against the dice roller. The player loses if they roll a result called Craps on their first turn. What does the result Craps mean?","Summa 2,3 tai 11."
Hindulaisessa jumaluuden kolmiopissa Vishnu on rakkautta ja elämää ylläpitävä jumala. Kuka on hänen puolisonsa?,Lakshmi
Mitkä kaksi opintosuunta aloitti opinnot Hervannassa tänä syksynä?,Robotiikka ja Energiamurros
Missä sijaitsee Suomen pohjoisin Alko? // Where is the northernmost Alko store in Finland located?,Utsjoki (Nuorgam)
"Viskisota, tai Liköörisota, oli Tanskan ja Kanadan välinen rajakiista Hansisaaresta, jossa kiistan molemmat osapuolet pystyttivät vuorotellen kyseiselle saarelle oman lippunsa jättäen samalla lahjaksi vastustajilleen alkoholipullon. Vastaavat tapahtumat toistuivat vuosikymmenien ajan useaan kertaan. Minä vuonna tämä konflikti loppui? a) 1982 b) 2002 c) 2022.",2022
Kuinka monta vuotta digitaalinen videopelien latauspalvelu Steam täyttää tänä vuonna? // How many years did the digital video game download service Steam turn this year?,20
Minkä tunnetun pöytäroolipelin maailmaan sijoittuu tänä vuonna julkaistu “Baldur’s Gate 3” videopeli?,Dungeons and Dragons
Missä maassa pelataan League of Legends pelin Worlds-turnausta tällä hetkellä? // In which country is the League of Legends Worlds tournament currently being played?,Etelä-Korea // South Korea
Missä urheilussa pelaaja voi tehdä albatrossin?,Golffissa
Mikä on kansainvälinen radioselvennys G-kirjaimelle?,Golf
Mille valtiolle kuuluu Intian valtameressä sijaitseva Joulusaari?,Australialle
"Mitä tarkoittaa suomeksi ""Veni, vidi, vici""?","Tulin, näin, voitin"
Kuinka paljon on tiu?,20
Mistä tietokonepelistä Gordon Freeman on tuttu?,Half-Life
"Kuka on ainoa yhdysvaltojen presidentti, joka on hallinnut yli kaksi kautta?",Franklin D. Roosevelt
Montako eri kirjainta on Venäjällä käytetyissä kyrillisissä aakkosissa?,33
"Kultalevykysymys, ei jostain syystä copypasteta suoraan XD LSD",10 000
Marsalkka Mannerheim äänestettiin vuonna 2004 kaikkien aikojen suurimmaksi suomalaiseksi. Mikä on Suomen kansan rakastaman marsalkan koko nimi?,Carl Gustaf Emil Mannerheim
"Tampere oli ensimmäinen Suomen kaupunki, joka sai pysyvät katuvalot ja kunnallisen sähkölaitoksen. Minä vuonna tämä tapahtui?",1888
Nokia on osittain jätevesistään tunnettu pirkanmaalainen kaupunki. Mikä eläin esiintyy Nokian vaakunassa?,(Musta) näätä
Mikä oli Suomen valtion tilaama ja Turussa 13. lokakuuta 1931 valmistunut Iku-Turso? ,Sukellusvene
"Cities: Skylines on kaupunkisimulaatiopeli, joka mm. oli julkaisuviikollaan Steamin myydyin peli. Minkä niminen on pelin kehittänyt pelitalo?",Colossal Order
Useimmista muovisista virvoitusjuomapulloista voit löytää merkinnän PET. Mitä kyseinen merkintä tarkoittaa?,Pullo on valmistettu polyeteenitereftalaatista (myös polyetyleenitereftalaatti)
Mount Everest on maailman korkein vuori. Sen korkeus on noin 8 848 metriä. Kuinka monta Celsius-astetta on veden kiehumispiste Mount Everestin huipulla asteen tarkkuudella?,71 C
Urho Kaleva Kekkonen oli Suomen kahdeksas presidentti. Kuinka monta vuotta hän toimi presidenttinä?,25
"Kulta on alkuaine, jota on käytetty tuhansien vuosien ajan valuuttana. Mikä on kullan kemiallinen merkki?",Au
"Messinki on metalliseos, josta tehdään paljon käyttöesineitä. Mitkä kaksi metallia ovat messingin pääraaka-aineet? ",Kupari ja sinkki
Tampere3:n ensimmäinen ehdotettu tiedekuntajako julkaistiin kommentoitavaksi viime viikolla. Kuinka monta tiedekuntaa uudessa yliopistossa ehdotuksen mukaan olisi?,7
"Olkiluoto-3:n rakentaminen aloitettiin 12. Elokuuta 2005. Jos se joskus valmistuisi, monesko toimiva ydinvoimalaitosyksikkö Suomessa se olisi?",5.
Mikä Suomenkin luonnosta tuttu syömäkelpoinen kasvi on latinankieliseltä nimeltään Fragaria vesca?,Aho- tai metsämansikka
Kuinka moneen äänestysalueeseen Hervanta jakautui vuoden 2018 presidentinvaaleissa?,seitsemään
Luettele sinkkuelämää sarjan neljän päähenkilön etunimet.,"Carrie, Samantha, Miranda, Charlotte"
"Maailman suurin kissa, nimeltään Stewie, on 123 cm pitkä ja painaa 16 kg. Mikä on Stewien rotu?",Maine Coon
Mikä oli väkiluvultaan maailman suurin kaupunki vuonna 1 jaa.,"Rooma (lähde: Ian Morris, Social development, 2010"
Bremenin soittoniekat on yksi monista Grimmin veljesten saduista. Ketkä 4 jäsentä kuului Bremenin soittoniekkoihin?,"Aasi, koira, kissa ja kukko."
"Suomi täytti juuri 100 vuotta, ja on lähes itsenäistymisestään asti ollut tasavalta. Mikä maa on maailman vanhin tasavalta?",San Marino
Sauli Niinistö valittiin juuri toiselle kaudelle suomen presidentiksi. Presidentin kausihan suomessa on 6 vuotta. Ketkä suomen 12:sta presidentistä ovat olleet presidenttinä alle yhden kauden verran eli alle 6 vuotta?,"Kyösti Kallio, Risto Ryti, Carl Gustaf Emil Mannerheim"
Mitä mielenkiintoista on Ernest Vincent Wrightin kirjassa Gadsby?,Siinä ei ole yhtään e-kirjainta.
"Mitä muista yhdysvaltojen presidenteistä poikkeavaa oli James Buchananissa, kun hänestä tuli yhdysvaltojen presidentti?",Hän ei ollut naimisissa
Suomen ensimmäinen ydinvoimala otettiin käyttöön 1977. Missä?,Loviisan Hevossaaressa
Kerttu ja Sylvian joululaulu liittyvät toisiinsa. Miten?,Sylvia on kerttu-lintujen tieteellinen nimi
Frisbeegolf on suomessakin alati kasvava laji. Kuka on lajin tämän hetken maailman mestari? A) Ken Climo B) Ricky Wysocki C) Simon Lizotte D) Paul McBeth,B)
Phantom of the opera on broadwayn esitetyin musikaali. Mikä on seuraavaksi esitetyin musikaali broadwayllä?,Cats
Kuka oli miss Piggyn suuri rakkaus?,Kermit
Millä roomalaisella jumalalla oli kahdet kasvot?,Januksella
Ketkä olivat Kainin ja Aabelin vanhemmat?,Aatami ja Eeva
Mikä on korkeaäänisin puupuhallin?,Pikkolo
Miten Aleksanteri Suuri avasi legendan mukaan avaamattomana pidetyn Gordionin solmun?,Hän leikkasi sen miekalla
Pyhä Valentinus eli kolmannella vuosisadalla ja hänen kunniakseen vietetään ystävänpäivää 14.2. Milloin vietettiin ystävänpäivää ensimmäistä kertaa?,
"Tänään on ystävänpäivä, mutta kenen nimipäivä tänään on?",
10 000 metrin juoksua on juostu olympialaisissa jo vuodesta 1912. Millä maalla on eniten mitaleja kyseiseltä matkalta?,Suomi
"Jo esihistoriallisella ajalla hiihdettiin, jolloin käytettii kahta eripitkää suksea. Mitkä olivat näiden eripitkien suksien nimet? (molemmilla suksilla oma nimi)",Kalhu ja Lyly
"Vanhan kansanperinteen mukaan karkauspäivänä nainen saa kosia miestä. Jos mies kieltäytyy kosinnasta, tulee hänen perinteen mukaan ostaa naiselle mitä?",hamekangas
minkä kasvin latinan kielinen nimi on linnea borealis?,vanamo
minkä eläimen latinankielinen nimi on bufo bufo?,rupikonna
Minä vuonna ensimmäinen Playstation-konsoli tuli markkinoille?,1994
Kuinka monta näppäintä oli ensimmäisessä tietokoneen hiiressä?,yksi
Luciferia pidetään kristinuskossa helvetin hallitsija ja yksi neljästä arkkienkelistä. Mitä hänen nimensä tarkoittaa kirjaimellisesti suomennettuna?,Valonkantajaa
"Kristoffer Kolumbus ""löysi"" Amerikan mantereen vuonna 1492. Mihin hänen oli alun perin tarkoitus päätyä tuolla matkalla?",Intiaan
Mandariinikiina on maailman puhutuin virallinen kieli. Mikä on toiseksi puhutuin?,espanja
Tarinan mukaan mistä Väinämöisen kannel oli tehty?,"Hauen leuasta/ leuka luusta, (pelkkä hauki ei riitä)"
"Eräässä Grimmin veljesten sadussa tyttö lukitaan torniin, jossa hänen on määrä kehrätä oljista kultaa kuninkaalle. Tähän hänen ollessa kykenemätön kääpiö auttaa häntä, jos saa lopulta palkkioksi tytön esikoisen. Esikoisen synnyttyä tyttö ei halunnut luopua lapsestaan ja kääpiö totesi, jos tyttö arvaa hänen nimensä niin kääpiö ei vie esikoistaan. Mikä oli tämän sadun kääpiön nimi?","Tittelintuure, Rompanruoja, Hopskukkeli"
"Antti Tuisku on menestyvä suomalainen artisti, joka nousi kuuluisuuteen 2003 idols-nimisestä ohjelmasta. Monenneksiko Antti Tuisku sijoittui kyseisessä kilpailussa?",3.
Minä vuonna legendaarisen uutisankkuri Arvi Lindin viimeinen uutislähetys lähetettiin?,2003
Millä ehkä tunnetummalla nimella matemaatikko Leonardo Pisano tunnetaan?,Fibonacci
Mikä on pokedexissä pokemon numerolla 1?,Bulbasaur
James Naismith oli kanadalainen opettaja. Minkä suuren urheilulajin kehittäjänä häntä pidetään?,Koripallo
Mikä on etelä-korean kansallis(urheilu)laji?,taekwondoo
"Lorem ipsum on latin kielinen pätkä tekstiä, jota käytetään kirjainten tai tekstien ulkoasun ja asettelun suunnitteluun. Kenen ""proosan mestarinakin"" tunnetun henkilön tekstistä lorem ipsumiin on otettu viitteitä?",Cicero
Missä kaupungissa prinsessa Diana kuoli auto-onnettomuudessa?,Pariisissa
Mihin kaupunkiin Pillipiipari kutsuttiin ratkaisemaan vallitsevaa hiiriepidemiaa?,Hameliniin
Mikä valtio lahjoiiti Vapaudenpatsaan Yhdysvalloille?,Ranska
"Mitä kirjaa Orson Welles luki radiossa 1938, jonka tapahtumia ihmiset luulivat uutislähetykseksi aiheuttaen laajaa paniikkia?",Maailmojen sota (War of the worlds)
"Kevin Systrom tunnetaan Instagramin kehittäneenä henkilönä ja vuonna 2010 hän itse postasi sovelluksen ensimmäisen kuvan, mitä kuvassa oli? a)Kevin Systrom B) koira c) kulhollinen nuudeleita c)auringonlasku",b)
Kuka tunnettu artisti tunnettiin nimellä satchmo?,Louis Armstrong
Mikä oli kreikkalaisen mytologian pääjumalan Zeuksen vaimon nimi?,Hera
Kuinka montanykyistä valtiota kuului entiseen Jugoslaviaan ennen kylmän sodan loppua?,7
Mitä sukua Terästyttö on Teräsmiehelle sarjakuvissa?,Serkku
Minä vuonna Barbie-nukke lanseerattiin markkinoille? a) 1949 b) 1959 c) 1969 d) 1979,b) 1959
Millä nimellä kutsutaan luoteisella Tyynellämerellä syntyviä trooppisia sykloneja?,Taifuuni
"Simpsonien perheeseen kuuluvat Homer, Marge, Bart, Lisa ja Maggie. Mikä on Homerin isän nimi?",Abraham
"Yhdysvalloissa on paikka nimeltä four corners, missä 4 osavaltiota kohtaa. Mitkä ovat nämä osavaltiot?","Colorado, New Mexico, Arizona, Utah"
"Miksi kutsutaan lausetta, jossa on käytetty aakkosten kaikkia kirlaimia vähintään kerran?",pangrammi
Mikä nykyinen suurkaupunki oli alkuperäiseltä nimeltään Lutetia?,Pariisi
Kuka kirjoitti kirjan Ajan Lyhyt Historia?,Stephen Hawking
Mikä on JVG-yhtyeestä tutun VilleGallen sukunimi?,Galle
Luettele kaikki neljä maailmanlopun ratsumiestä?,"Sota, nälkä, rutto, kuolema (englanniksi war, famine, pestilence, death)"
"Finias ja Ferb on Disneyn tuottama animaatiosarja, jonka pääosassa ovat velipuolet Finias ja Ferb. Mikä eläin on heidän perheensä lemmikki Perry?",Vesinokkaeläin
Millä artistinimellä Paul Hewson tunnetaan paremmin?,Bono
"Nimeä kaikki valtiot, jotka alkavat kirjaimella O",Oman
Minkä niminen oli antiikin eri mesopotamialaisten kansojen käyttämä kirjoitusjärjestelmä?,"Kuneiformi, nuolenpääkirjoitus"
Mikä on Aurinkokunnan pienin planeetta?,Merkurius
"Kuka aikoinaan sanoi kuuluisat sanat: ""The only thing to fear is fear itself""?",Franklin D. Roosevelt
Kuka sarjakuvahahmo tunnetaan Italiassa nimellä Paperino?,Aku Ankka
"Kuka sävelsi musiikkiteoksen ""Neljä vuodenaikaa""",Antonio Vivaldi
Mikä on maapallon kuoren yleisin alkuaine?,Happi (n. 46%)
Mikä on kiwano?,Hedelmä
Kuka on Iron Maidenin solisti?,Bruce Dickinson
Mitä sana Buddha tarkoittaa?,Valaistua
Mistä maasta tango on kotoisin?,Argentiinasta
Kuka on kreikkalaisessa mytologiassa Herculeen (Herculeksen?) isä? // Who is the father of Hercules in greek mythology?,Zeus
Valtatie 4 tunnetaan Suomen pisimpänä tienä. Mistä kaupungista tie alkaa ja mihin se loppuu?,"Helsinki, Utsjoki"
Mikä on kiinalaisen horoskoopin ainoa fiktiivinen eläin?,Lohikäärme
Mikä on maailman valtioiden lippujen yleisin väri?,Punainen
"Kuinka monta ihmistä täytyy virallisesti mahtua (mukavasti) onkaloon, jotta se voidaan Suomessa laskea luolaksi?",2-3
Mikä on maailman yleisin veriryhmä?,O+
"Minä vuonna Kirka esitti Euroviisuissa kappaleen ""Hengaillaan""?",1984
"Kuka maalasi maalauksen ""Pyhä Ehtoollinen""?",Leonardo da Vinci
Mistä maanosasta peruna on kotoisin? // From which continent is potato from?,Etelä-Amerikasta
Mikä sarjakuvasankari tunnetaan Italiassa nimellä Topolino?,Mikki Hiiri
Mikä on Suomen vanhin sisämaakaupunki?,Hämeenlinna
Mitkä eläimet jaetaan pysty- ja sivutaivuttajiin? (englanniksi hidden-necked ja side-necked),Kilpikonnat
Mihin elimeen hepatiitti vaikuttaa?,Maksaan
Mikä yhtiö toi ensimmäisenä tietokoneen hiiren markkinoille?,Apple
"Mihin saariryhmään kuuluu mm. Oahu, Kauai ja Maui -saaret?",Havaiji
Mitkä eläimet ovat kuvattuna Finlandia-vodkan etiketissä?,Porot
Mikä on Suomen suurin hyönteissyöjä?,Siili
Minä päivänä ensimmäinen Alko avasi ovensa Suomessa? (Kellonajasta ei tule bonusta),Alko avasi ensimmäisen myymälänsä tiistaina 5. huhtikuuta 1932 klo 10. Päivämäärän muistamista auttaa Suomen historian tunnetuimpiin kuuluva lukusarja 543210
Mikä on Japanin suurin saari? // What is the largest island of Japan?,Honshu
Minkä hedelmän hillo on olennainen osa Sacher-kakkua?,Aprikoosi
"Moni saattaakin jo tietää, että Suomi voitti olympiakultaa miesten jääkiekossa 2022. Kuka oli kyseisen joukkueen kapteeni? // You might know that Finland won gold in the winter olympics in 2022 in ice hockey. Who was the captain of Finland’s hockey team?",Valtteri Filppula
Millä pohjoismaista on eniten maapinta-alaa? /,Tanska
Minä vuonna Ruotsissa siirryttiin oikeanpuoleiseen liikenteeseen?,1967
"Mainitse kaksi kasvia, jota perinteisesti käytetään absintissa? //  Name two plants, which are commonly used in absinthe?","Koiruoho, anis, fenkoli // Anise, grand wormwood (artemisia absinthium), (sweet) fennel"
Mikä liputuspäivä on tänään? (10.10.),Aleksis Kiven päivä
Minkä tunnetun videopelin nimi oli tekovaiheessa “Sonic’s Ass Game”?,Crash Bandicoot
"Kuinka monta kertaa matkustaessasi Tampereen Ratikalla Hervantajärven pysäkiltä Pyynikintorille ja takasin, kuulet kuulutuksen “Ovet aukeavat kulkusuuntaan nähden vasemmalta” // In Tampere Tram you can hear the phrase “Ovet aukeavat kulkusuuntaan nähden vasemmalta” which means that the doors open on left side of the Tram. How many times can you hear this phrase when you travel from Hervantajärvi to Pyynikintori and back?",5
"Mikä valtio on ollut viimeiset kolme vuotta putkeen maailman turvallisin maa Maailmanlaajuisen rauhan indeksin perusteella? // What country has, for the last three years in a row, been the safest country in the world according to the Global Peace Index?",Islanti // Iceland
Missä kahdessa kaupungissa järjestetään vuoden 2023 jääkiekon MM-kilpailut? In which two cities the world championships of ice hockey 2023 will be held?,Tampere ja Riika
Skandinaavisessa mytologiassa Ratatoskr jouksee maailmanpuu Yggdrasilia pitkin välittäen samalla viestejä latvan kotkien ja juurten Nidhöggr-käärmeen välillä. Mikä eläin Ratatoskr on?,Orava
Mistä rikoksesta pahamaineinen gangsteri Al Capone lopulta tuomittiin vankilaan vuonna 1931.,Veronkierto
Mitä ainesosia ei vaadita kakun tekemiseen videopelissä Minecraft? a) Maitoa b) Jauhoja c) Kananmunia,b) Jauhoja
Minkä maan keisarisuvun sanotaan periytyvän Amaterasu-jumalattaresta?,Japanin
Mikä on sitar?,Näppäilysoitin
"Miksi kutsutaan paperiarkkia, jonka mitat ovat 297 kertaa 420 millimetriä?",A3
Mikä eläin on kuttu?,Vuohi
Missä kaupungissa Sakari Topelius syntyi?,Uudessakaarlepyyssä
"Minkä helsinkiläisen talon seinässä sanotaan latinaksi: ""Isänmaa antoi toivoilleen""",Vanhan ylioppilastalon
Mikä on Taiwanin virallinen kieli?,Kiina
Miltä Ranskan paikkakunnalta tunnettu kivennäisvesi on saanut nimensä?,Vichy
Mikä on YLE:n toiseksi käytetyin tekstitv sivu avausnäkymän jälkeen?,235 (NHL-tulossivu)
Montako kierrosta ilmassa tekee taitoluistelija hypetessään kaksoisaxelin?,"2,5"
Mikä liikkuva rakennustyyppi tuli Eurooppaan joskus 1100-luvulla?,Tuulimylly
Minkä niminen amerikkalainen kehitti gallup -tutkimukset?,George Gallup
Minkä nimisen saaren Haiti ja Dominikaaninen tasavalta jakavat?,Hispaniola
Mikä on Pirkanmaan suurin kaupunki?,Tampere
Mitä Espanja on espanjaksi?,España
"Mitä kahta likööriä sekoitetaan yhteen, kun valmistetaan Grasshopper -drinkkiä",Minttu- ja kaakaolikööriä
"Mitä viittä eri alkoholia sekoitetaan yhteen, kun valmistetaan Long Island Iced tea?","Vodka, rommi, tequila, gin ja triplesec"
Missä Suomen kaupungeissa on tai on ollut raitiotie?,"Helsinki, Turku ja (Viipuri)"
Millä tsaari Nikolai II uhkasi ympäröidä koko Venäjän?,Sähköaidalla
Kuka ohjaa/ohjasi uusimman Star Wars -elokuvan The Last Jedi?,Rian Johnson
Kumpi on leveämpi jalkapallossa - rima vai maalilinja?,Yhtä leveitä
Mikä oli Marxin veljesten oikea sukunimi?,Marx
Missä kaupungissa jääkiekkoliiga NHL:n uusin joukkue Golden Knights pelaa kotiottelunsa?,Las Vegasissa
Laske roomalaisittain: paljonko on D jaettuna X:llä,L
"Montako potkuria oli lentokoneessa, joka vei Wrightin veljekset ilmailuhistoriaan?",2
Millä energian mittayksiköllä korvattiin kalorit?,Joule
"Simson on tunnettu vanhasta testamentista. Hän oli tunnettu suurista voimistaa,",
hän muunmuassa paini leijonan kanssa paljain käsin. Missä piili Simsonin voima?,Tukassa
Kuinka monta litraa on yksi (brittiläinen) pint mittayksikkö?,"0,568L"
Merellisen ilmaston vuoksi Norjassa sataa jopa 3 kertaa enemmän kuin Suomessa.,
Mikä on Norjan sateisin kaupunki?,Bergen
Monesko USA:n presidentti Donald Trump on?,45.
Marjapussi on yksi eniten pelatuista korttipeleistä Suomessa. Montako pistettä Marjapussissa saa valtista?,2
Kuka oli Caligulan seuraaja Rooman keisarina?,Claudius
"Mistä näytelmästä on lause: ""Ken tästä käy saa kaiken toivon heittää""?",Jumalaisesta näytelmästä
Missä Pariisin rakennuksessa on 8 museota?,Louvre
Mikä on teini-ikäisten mutanttininjakilpikonnien eli Turtlesien mestarin nimi?,Tikku (Splinter eng.)
Kuinka moneen maahan Iso-Britannia ei ole historiansa aikana julistanut sotaa kertaakaan?,22
Missä kaupungissa on Suomen suurimmat urut?,Lapua
Kuka näyttelee paavia Sharknado 5 -elokuvassa?,Fabio
Mikä on rumeliini?,sitrushedelmä
"Kuka oli Ranskan kuningas, kun Ranskan vallankumous alkoi vuonna 1789?",Ludvig XVI (hyväksytään myös Louis)
Göstä Sundqvist oli Leevi and the Leavings yhtyeen laulaja. Minkä ikäiseksi hän eli?,46 vuotiaaksi
"taf on itsenäinen säätiö, joka nostaa esiin ihmisten elämänlaatua parantavia ja kestävää kehitystä edistäviä",
innovaatioita sekä kannustaa nuoria teknologia-alolille Mistä taf on lyhenne?,technology academy finland
Nimeä kaikki Spice Girls -bändin jäsenet heidän bändinimillään?,"Baby Spice, Ginger Spice, Sporty Spice, Posh Spice ja Scary Spice"
Kuka on eniten tienannut suomalainen e-sports -pelaaja?,Lasse Urpalainen
Kuka jalkapalloilija on ainoana pelaajana voittanut jalkapallon MM-kultaa kolme kertaa?,Pelé
Mitä mitataan anemometrillä,Tuulen nopeutta
"Miten jatkuu sananalasku ""ken kuuseen kurkottaa...""?","""... se katajaan kapsahtaa."""
"Mihin viitataan sanoilla ""the final frontier""?",Avaruuteen
Mikä on Carrom?,"Pöytäpeli, koronan ja biljardin sukulainen"
Kuinka monta kosketinta on nykyaikaisessa pianossa?,88
Kuinka monta aaria on yhdessä neliökilometrissä?,10 000
Mitä brontofobiasta kärsivä ihminen mahtaa pelätä?,Ukkosta
Mikä elokuva on tuottanut toiseksi eniten lipputuloja koko maailmassa?,Titanic
"Ville Ritola, Hannes Kolehmainen sekä Paavo Nurmi kulki jokainen aikanaan",
"nimellä ""Lentävä Suomalainen"". Kuka heistä on alkuperäinen lentävä suomalainen?",Hannes Kolehmainen
Kenen Suomalaisen henkilön kuva oli viimeisen markkasetelisarjan 500 markan setelissä? ,Elias Lönnrot
Mitä mitataan seismografilla?,"Maanjäristyksiä, seismistä toimintaa"
Mitä on nappa?,nahkaa
"Moni on varmasti kuullut tarinoita Monte Criston kreivistä, mutta mikä on Monte Cristo?",Italialainen saari
Mitä tarkoittaa pontifikaati? a) Paavin kautta b) Moskeijan syvennystä c) Islamin paastoa,a)
Missä maassa sijaitsee Apenniinit?,Italiassa
Missä maassa sijaitsee maailman suurin makean veden järvi?,USA/Kanada
Kuka James Bond näyttelijöistä on näytellyt James Bondia vain kerran?,"George Lazenby, (David Niven)"
Luettele kaikki nykyaikaisen viisiottelun lajit,"Maastojuoksu, ammunta, esteratsastus, vapaauinti, miekkailu"
"Kuka seuraavista ei ole voittanut Oscar-palkintoa? a) Jared Leto, b) Gary Oldman, c) Leonardo DiCaprio, d) Eminem",b)
Mitä tyylisuuntaa Parthenon edustaa?,Doorilaista tyyliä
Kenen kirjailijan luoma Dracula on?,Bram Stoker
Minä vuonna Teräsmies esiintyi ensimmäisen kerran sarjakuvissa?,1938
Muusikoiden keskuudessa 27-kerho on surullisen kuuluisa. Kuka seuraavista muusikoista ei kuulu,
"kyseiseen kerhoon? a) Kurt Cobain, b) Jimi Hendrix, c) Randy Rhoads, d) Robert Johnson",c)
Mikä on Dannyn oikea nimi?,Ilkka Lipsanen
Mikä on Irwin Goodmanin oikea nimi?,Antti Hammarberg
Mikä on Michael Monroen oikea nimi?,Matti Fagerholm
Kenen säveltäjän sävellys on Sapelitanssi?,Aram Hatšaturjan
Millä maalla on eniten F1 mestaruuksia?,Iso-britannia
Kuinka monta nuottia sisältyy kromaattiseen sävelasteikkoon?,12
Kuka on kaikkien aikojen pisin suomalainen?,Väinö Myllyrinne
Kenen suomalaisen kuuluisan urheiluvaikuttajan toimesta hiihtoloma lopulta otettiin käyttöön,
kouluissa 1933?,"Lauri ""Tahko"" Pihkala"
Minkä maalainen oli maailman vanhimmaksi todistettavasti elänyt ihminen?,Ranskalainen
"Kirjoita lista loppuun: Do, Re, Mi...","Fa, So, La, Ti"
Millä antiikin kansalla oli ensimmäisenä käytössä sotalaivasto?,Foinikialaisilla
Kuinka monta kierrosta ajetaan kuuluisassa Indianapolis 500 -moottoriurheilukilpailussa?,200
"Miksi kutsutaan tenniksessä saavutusta, jossa sama pelaaja voittaa saman kauden kaikki neljä suurinta turnausta?",Grand Slam
,
"Kuka diktaattori antoi iteselleen liikanimen ""Ajatusten Tonava""?",Nicolae Ceaușescu
Kenellä historian henkilöllä oli pinta-alaltaan suurin henkilökohtaisesti omistettu alue?,Belgian kuningas Leopold II
,
Mistä maasta nykyinen paavi Franciscus on kotoisin?,Argentiinasta
Minä vuonna South Park -animaatiosarjaa aloitettiin esittää televisiossa Yhdysvalloissa?,1997
Mikä Suomen yli 100 000 asukkaan kaupungeista on pinta-alaltaan suurin?,Kuopio
Mikä tulee olemaan Tampereen raitiotien ensimmäisenä valmistuvan osan läntinen päätepysäkki?,Pyynikintori
Kuka maalasi sikstuksen kappelin kattofreskon?,Michelangelo
Millä artistinimellä Ville Virtanen paremmin tunnetaan?,Darude
Mikä suosittu Välimeren matkakohde tunnettiin ennen nimellä Ragusa?,Dubrovnik
Mikä maa julistautui vuonna 1970 ensimmäisenä maailmassa täysin sähköistetyksi?,Albania
Game of Thronesin viimeinen kausi esitetään HBO:lla ensi vuonna (2019). Montako jaksoa sarjassa tulee kaiken kaikkiaan olemaan sen loputtua ?,73
Kuka oli Suomen nuorin presidentti astuessaan virkaan?,Lauri Kristian Relander
Mille karjaeläimelle myskihärkä on läheisintä sukua?,Lampaalle/vuohelle
Millä lempinimellä Greyn Anatomia -sarjan neurokirurgi Derek Shepherd tunnettiin?,McDreamy
"Minkä niminen on Norjan Alkoa vastaava kauppa, jossa myydään vahvempia alkoholituotteita?",Vinmonopolet
"Mikä on Suomen suurin kaupunki, jossa on enemmistö ruotsinkielisiä?",Raasepori
Missä Suomen kunnassa tai kaupungissa on eniten kesämökkejä?,Mikkelissä
"Kuka oli ensimmäinen suomalainen, joka ajoi Ferrarin F1-autoa?","JJ Lehto, Jyrki Järvilehto"
Mikä alkoholijuoma lanseerattiin markkinoille Helsingin olympialaisten yhteydessä?,Lonkero
"Mikä on ainut Nobel-palkintokategoria, jossa Yhdysvalloilla ei ole kärkisijaa voittajien lukumäärässä?",Kirjallisuus
Mikä on triptyykki?,"Usein kirkollinen, kolmiosainen maalaus tai alttarin läheisyyteen tehty rakennelma"
Mikä on gobeliini?,käsin kudottu seinävaate
Mihin napoleon I on haudattu?,Pariisin invalidikirkkoon
"Mitä muuta, suomenkielistä, nimitystä käytetään Raynaud'n ilmiöstä?",valkosormisuus
"Moni muistaa Disneyn klassikko elokuvan viidakkokirja, mutta kuka on kirjoittanut alkuperäisen kirjan joka kantaa samaa nimeä?",(Joseph) Rudyard Kipling
"Ketkä kaksi henkilöä ovat ainoat, jotka ovat voittaneet oscar-palkinnon postuumisti?","Heath Ledger (Dark Knight 2008), Peter Finch (Network 1976)"
Mitä nimitystä käytetään eurooppalaisesta avaruuslentäjästä?,Spationautti
Minkä tutun alkoholijuoman Alko lanseerasi vuonna 1932 silloisella nimellä “Viinake”?,Gambina
"Mikä on Maan merkittävin kasvihuonekaasu, joka aiheuttaa noin 36-70 % kasvihuoneilmiöstä?",Vesihöyry
Oscar-palkinnolla palkitaan elokuva-alan toimijoita ja Emmy-palkinnolla televisioalan. Minkä alan palkinto on Tony?,Teatterialan
"Tehotytöt, alkuperäiseltä nimeltään The Powerpuff Girls, on lasten piirrossarja, joka kertoo kolmesta erittäin voimakkaasta pikkutytöstä. Luettele näiden kolmen pikkutytön suomenkieliset nimet.","Papu, Pipa, Poppana"
"Mistä kirjasta tunnettu lainaus ""tarjous, josta ei voi kieltäytyä"" on alun perin lähtöisin?",Kummisetä
"Mikä monikansallinen yritys omistaa tunnetut suomalaiset tuotemerkit Arabia, Hackman ja Iittala?",Fiskars Oyj Abp
"Jackie ja Mack Robinson tunnetaan eräinä urheiluhistorian parhaimpina veljespareina, tosin veljeksen eivät kilpailleet samassa lajissa, vaan kumpikin oli parhaimmistoa omassa lajissaan. Mitkä olivat nämä urheilulajit, joista kumpikin tunnetaan.","Jackie: baseball, mack: pikamatkat (100m juoksu)"
"mainitse molemmat urheiilijat, heidän pelinumerot ja pelaamansa liigat, jotka ovat ainoat urheilijat, joiden numerot on jäädytetty jossain pohjois-amerikan big4 liigoissa koko liigan laajuisesti. ","wayne gretzky, 99, NHL; Jackie Robinson, 42, MLB"
Mihin suurempaan tähtikuvioon Otava sisältyy?,Iso Karhu (Ursa Major)
Kuka piirroshahmo tunnetaan lausahduksesta “Yabba-dabba-doo”?,Retu Kivinen (Fred Flintstone)
"Minkä niminen on Eminemin viime kuun lopulla julkaisema albumi, joka on hänen kymmenes studioalbumi?",Kamikaze
Mitkä olivat Romeon ja Julian sukunimet William Sahkespearen samannimisessä tragedianäytelmässä?,Montague (Romeo) ja Capulet (Julia)
Mikä on Swazimaan uusi virallinen nimi kuningas Mswatin III:n muutettua sen viime huhtikuussa?,eSwatini
Missä maassa ajettiin F1-sarjan ensimmäinen virallinen osakilpailu?,Isossa-Britanniassa
Mikä on ensimmäisen ja myös tunnetuimman Spider-Manin eli hämähäkkimiehen oikea nimi?,Peter Parker
Mitä thalassofobiasta kärsivä ihminen pelkää?,Merta
Kuinka monta Yhdysvaltain presidenttiä on joutunut virassa ollessaan salamurhatuksi?,4
Kenen naispuolisen pop-artistin nänni vilahti suorassa lähetyksessä vuoden 2004 Superbowlin väliaikashow'n lopussa,Janet Jackson
Jeff Bezos julistettiin Forbes-lehden toimesta maailman rikkaimmaksi mieheksi kuluvan viime helmikuussa. Minkä yhtiön toimitusjohtaja Bezos on?,Amazon
Hjallis Harkimo kertoi eroavansa kokoomuksesta 19. huhtikuuta. Minkä nimisen poliittisen liikkeen hän perusti mm. Tuomas Enbusken ja Mikael Jungnerin kanssa muutama päivä eron jälkeen?,Liike Nyt
"Mikä oli ensimmäinen 1 miljardi katsomiskertaa saavuttanut video youtubessa, joka on tehty ennen youtuben syntyä?",Guns n'Roses - November Rain
"Kuka seuraavista skeittaajista kantaa lempinimeä ""Godfather of street skateboarding"" A)Rob Dyrdek B)Tony Hawk C)Eric Koston D)Rodney Mullen",D
Mitä modisti tekee työkseen?,Hattuja
Mikä suomalainen teos äänestettiin 2004 suomessa kaikkien aikojen suosituimmaksi lastenkirjaksi?,Mestaritontun seikkailut
Minä vuonna viimeisen kerran pystyi ostamaan kahden tähden jaloviinaa alkoista?,2012
"Mikä on ainoa viina, jota suomen valtio on jakanut ilmaiseksi kansalaisille?",Jaloviina
Mistä maasta energiajuoma redbull on kotoisin?,Itävalta
"Kun tehdään lettiä kolmesta säikeestä ja reunimmainen säie viedään aina toisen yli, kutsutaan lettiä ranskalaiseksi letiksi, miksi kutsutaan lettiä, kun säie viedään toisen alitse?",Hollantilainen letti
Kenen nimi on mainittu eniten Oscar-palkintojen kiitospuheissa?,Steven Spielberg (42 kertaa) Lähde: Vocativ
Luettele kaikki Jupiterin neljä Galilein kuuta.,"Ganymede, Kallisto, Europa ja Io"
"Pergamenttia käytettiin aikoinaan laajasti kirjoitusalustana, mutta mistä se valmistettiin?","Eläinten nahasta (yleensä lammas, vuohi tai vasikka)"
"Mikä on maailman arvokkain yritys, jonka osakkeiden kokonaisarvo hiljattain rikkoi biljoonan Yhdysvaltain dollarin haamurajan?",Apple
Mikä oli alunperin Lucius Malfoyn kotitontun nimi Harry Potter -sarjassa?,Dobby
Mikä on Euroopan Unionin väkirikkain kaupunki? (Ei sisällä suurkaupunkialuetta),Lontoo
Mikä aakkonen on morsen aakkosissa -?,t
Mitkä maut löytyvät Metropolitan-jäätelöstä?,"Vanilja, suklaa ja mansikka"
Millä nimellä radiokanava YleX tunnettiin ennen?,Radiomafia
Mitä oppiainetta Professori Kalkaros/Snape opetti pääasiallisesti Tylypahkassa?,Taikajuomia
Moni suomalainen julkisuuden henkilö on viimevuosina julkaissut omaelämäkerran ja yksi näistä henkilöistä on kimi räikkönen. Tänä vuonna Suzukan GP:n alla kimiltä tuli ulos toinenkin kirja. Minkälainen kirja oli kyseessä?,Haiku-kirja/runokirja
pewdiepie on pitkään tunnettu youtuben tilatuimpana kanavana. Mikä youtube kanava kuitenkin on lähipäivinä ohittamassa pewdiepien tilaajamäärässä?,T-series
Mistä sanoista tulevat edesmenneen legendaarisen räppärin Notorious B.I.G.:n nimessä esiintyvä lyhenne B.I.G.?,Business Instead of Game ja kuolemansa jälkeen Books Instead of Guns
"Pojun biisissä Kruunalla kotiin lauletaan Esson baarista. Baaritoiminta ei kuintenkaan ollut Esson pääasiallinen toimiala, vaan mikä Esso oikeasti oli?",Huoltoasema
"Mistä tulee nimitys ""allit"", mikä tarkoittaa etenkin naisilla iän myötä esiintyviä roikkuvia käsivarisen ojentajalihaksia?","Allina ""Alli"" Paasikiveltä, juho kusti paasikiven vaimo"
Montako leipää on kivellä heitetty maailman ennätys leipienheitossa?,88
Kuinka moni entinen Suomen presidentti oli virassaan alle yhden kauden verran?,"3 (Kallio, Ryti ja Mannerheim)"
Minkä eläinluokkaan kasuaarit kuuluvat?,Lintuihin
Minkä niminen on äskettäin ensi-iltansa saanut Freddie Mercurysta kertova elokuva,Bohemian Rhapsody
Kuka suomalainen voitti viikonloppuna Starcraft 2:n maailmanmestaruuden?,Joona Sotala (nick on Serral)
Mikä nykyinen valtio antoi ensimmäisenä naisille äänioikeuden?,Uusi-Seelanti
Kuka saksalainen muusikko esiintyi TTY:llä sähköpäivillä 1.11. bommarissa?,Master Blaster
"NHL järjestää tällä kaudella muutaman ottelun eruroopassa osana global series projektia ja kaksi ottelua pelattiin Helsingissä, mitkä kaksi nhl-joukkuetta kohtasivat näissä otteluissa?","Florida Panthers, Winnipeg Jets"
Mitä david pitää kädessään Michelangelon david-veistoksessa?,linko
Mikä on Suomen pisin kaupunki nimeltään?,Kristiinankaupunki
Mistä kahdesta alkuaineesta maapallon ydin pääosin koostuu?,Rauta ja nikkeli
"Miksi kutsutaan Aurinkokunnan kaukaisinta osaa, joka sijaitsee Pluton tuolla puolen?",Kuiperin vyöhykkeeksi
Kuinka monta suomalaista on voittanut Nobel-palkinnnon?,5
Mikä valittiin Suomen kansallisruoaksi kansanäänestyksessä vuonna 2016?,Ruisleipä
Mikä eläin on Narnia-kirjasarjasta tuttu Aslan?,Leijona
Mikä horoskooppimerkki on latinaksi Sagittarius?,Jousimies
Mille maalle kuuluu maailman pohjoisin tulivuori Erebus?,Norjalle
Minkä linnun näkemisestä ei sanonnan mukaan ole enää päivääkään kesään?,Pääskynen
"Kuka historiallinen henkilö tunnettiin nimellä ""Il Duce""?",Mussolini
Mikä titteli oli Suomen valtionpäämiehellä Venäjän vallan aikaan?,Kenraalikuvernööri
Minä ruokana kynsilaukka tunnetaan paremmin?,Valkosipuli
"Mikä on nimeltään kiitospäivän jälkeinen päivä, joka on tunnettu kauppjoen suurista alennusmyynneistä?",Black Friday/Musta Perjantai
Kuinka monta tähteä kuuluu Orionin vyöhön?,3
"Mihin yhtiöön liitetään usein lause ""Meidän äiti tekee teidän äitien ruoat""?",Saarioinen
Mikä oli shampanjasta tunnetun Dom Perignonin ammatti?,Munkki
Ketä pidetään ensimmäisen suomen kielisenä runoilijana ja kirjailijana?,Jaakko Juteini
Kenen suomalaiskirjailijan esikoiskokoelma oli Maaliskuun lauluja?,Eino Leino
Mikä ilmalaiva paloi ja tuhoutui 6. maaliskuuta 1937?,Hindenburg
Mikä on Virve Rostin taiteilijanimi?,Vicky
"Mitä japanilainen tarkoittaa huutaessaan ""banzai""?",Eläköön (kirjaimellisesti 10 000 vuotta)
Minkä värisellä liekillä vety palaa ilmassa?,Sinisellä
"Mikä sisäelin on vahingoittunut, jos ihminen kärsii sokeritaudista?",Haima
Mitä Pariisin tunnettua rakennusta alettiin rakentaa 1546?,Louvre
"Mikä sinulla on tavallista suurempi, jos sinulla on makrokefalia?",Pää
Kuka oli Ruotsin nykyisen kuninkaan (Kaarle XVI Kustaa) isä?,Prinssi Kustaa Adolf
Mikä pulmatehtävä esiintyi ensimmäisen kerran New York World - lehdessä 21. joulukuuta 1913?,Ristisana / ristikko
Mistä rakennuksesta tuli maailman korkein kun se valmistui 1889?,Eiffel torni
Missä ihmisruumiissa on kaarikäytävä?,Korvassa
Millä kielellä Suomi on Suobma?,Saameksi
Kuka esitti Michael Corleonea Kummisedässä?,Al Pacino
Mitä kirkkopyhää vietetään Johannes Kastajan syntymän johdosta?,Juhannusta
Montako kertaa olympialaiset on pidetty afrikassa?,Ei koskaan / 0
Kenellä Lumikin kääpiöistä oli jatkuva flunssa?,Nuhanenällä
Mitä huilusoitinta englantilaiset kutsuvat nimellä recorder?,Nokkahuilu
Millä kuuluisalla parilla on nimipäivä jouluaattona?,Aatami ja Eeva
Kuka oli Väinämöisen äiti?,Ilmatar
Mikä oli Finnairin nimi ennenkuin siitä tuli Finnair?,Aero
Millaisia vaatekappaleita ovat supikkaat?,Jalkineita
Minkä kansallisteoksemme julkaiseminen keskeytettiin murskaavan arvostelun takia?,Seitsemän veljestä
Ketä Beethoven nimitti kaikkien aikojen suurimmaksi säveltäjäksi?,Georg Friedrich Händeliä
Jurva sijaitsee Etelä-Pohjanmaalla ja on nykyisellään osa Kurikan kuntaa. Mistä pienteollisuustuotteista se on kuuluisa?,Huonekaluista
"Mitä eurooppalaista pääkaupunkia on kutsuttu tornien ja kattojensa takia ""kultaiseksi kaupungiksi""?",Prahaa
Minkä kirjan ilmestyttyä Väinö Linna saattoi lopettaa työnsä tehtaassa?,Tuntematon sotilas
Kenellä oli vuoteen 1995 asti yksinoikeus julkaista almanakkaa Suomessa?,Helsingin yliopisto
Minkä niminen oli oikeuden jumalatar roomalaisessa mytologiassa?,Justitia
Montako seepralajia on olemassa? (ei sukupuuttoon kuolleita),Kolme
Mikä on Suomen yleisin kadun-/tiennimi?,Rantatie
Mikä on ensimmäinen valtio aakkosjärjestyksessä? (Suomen kielellä),Afganistan
Millä nimellä animaatiosarja Peanuts tunnetaan Suomessa?,Tenavat
Missä maassa sijaitsee Euroopan korkein aktiivinen tulivuori Etna?,Italiassa
Miksi kutsuttiin Keski-Euroopan poliittisesti kahteen osaan jakavaa rajaa kylmän sodan aikana?,Rautaesirippu
Millä toisella nimellä Ison-Britannian lippu tunnetaan?,Union jack
Missä elokuvassa on keskiössä DMC DeLorean -mallinen auto?,Paluu tulevaisuuteen (Back to the Future)
Mikä on maailman vanhin käytössä oleva kansallislippu?,Tanskan lippu
Antarktis on jaettu kuuden valtion toimesta aluevaltuksiin tieteellisiä tutkimuksia varten. Millä valtiolla on pinta-alaltaan suurin valtaus Antarktiksella?,Australia
Missä maassa valittiin ensimmäinen naispuolinen pääministeri?,Sri Lanka (silloin Ceylon)
Mikä on Suomen kielen yleisin sana Wiktionaryn mukaan?,olla
Mistä kaupungista viimeisimmän SuperBowlin (pelattu 3.2.2019) voittanut Patriots on kotoisin?,Bostonista
Missä maakunnassa sijaitsee Piippola?,Pohjois-Pohjanmaa
Minkä puun hedelmiä Aatamia ja Eevaa oli kielletty syömästä Raamatun luomiskertomuksessa?,Hyvän- ja pahantiedon puu
"Miksi kutsutaan kirjallisuudessa esinettä tai asiaa, joka vaikuttaa aluksi täysin epäolennaiselta, mutta joka muuttuu tarinan edetessä merkittävään asemaan juonen kannalta?","Tshehovin ase (pyssy, pistooli)"
5.2. vietettiin kiinalaista uutta vuotta. Minkä eläimen vuosi alkoi kiinalaisen horoskoopin mukaan?,Sika
"Mihin legendaariseen elokuvahahmoon usein liitetään sana ""supercalifragilisticexpialidocious""",Maija Poppanen (Mary Poppins)
"Mainitse kaksi yliopistoa, jotka kuuluvat Ivy Leagueen.","Mitkä tahansa kaksi seuraavista: Brown University, Columbia University, Cornell University, Dartmouth College, Harvard University, University of Pennsylvania, Princeton University, Yale University"
Suomen vanhin edelleen ilmestyvä suomalainen sanomalehti on Åbo Underrättelser. Minä vuonna lehti ilmestyi ensimmäisen kerran?,1824
Minä vuonna Suomi osallistui ensimmäistä kertaa olympialaisiin?,1908
Mikä oli ensimmäinen suomen kielellä julkaistu kirja?,Abckiria (Abc-kirja)
"Facebook on maailman käytetyin sosiaalinen media 2,2 miljardilla kuukausittaisella käyttäjällään. Minä vuonna Facebook on julkaistu?",2004
Jalkapallon MM-kisoja on järjestetty vuodesta 1930 lähtien. Missä maassa järjestettiin ensimmäiset jalkapallon MM-kisat?,Uruguayssa
Minkä mediayhtiön alle kuuluvat mm. Aamulehti ja Iltalehti?,Alma (Media)
"Ainejärjestö on yleensä yliopiston tai korkeakoulun opiskelijakunnan piirissä toimiva yhdistys, jonka tarkoituksena on yhdistää saman oppiaineen tai alan opiskelijoita, ajaa näiden etuja ja järjestää toimintaa. Mikä on Suomen vanhin ainejärjestö?",Teologian ylioppilaiden tiedekuntayhdistys
"Mainitse kaksi valtiota, jotka sijaitsevat Kaspianmeren rannikolla.","Venäjä, Kazakhstan, Iran, Azerbaijan, Turkmenistan"
Montako markkaa Erottaja maksoi alunperin Monopolissa? (Suomalaisessa versiossa),8000mk
Mikä on Australian Kookossaarten suurin vientituote?,Kookospähkinät
"Minkä tutkinnon saa, kun valmistuu kauppaopistosta?",Merkonomi
Mitä kalavalmistetta käytetään janssoninkiusauksen valmistuksessa?,Anjovis
Mihin kuningaskuntaan Hamlet sijoittuu?,Tanskaan
Kuinka monta jäsentä kuului Sormuksen Ritareihin Taru Tormusten Herrasta-kirjassa?,9
Millä nimellä kutsutaan Australiassa eläviä villikoiria?,Dingo
Mitkä kaupungit ovat Afrikan Tähti -lautapelin aloitus- ja lopetuskaupungit?,"Kairo ja Tanger (Cairo, Tangiers)"
Mikä on Ruotsin kuningassuvun sukunimi?,Bernadotte
Minkä niminen kadonnut manner legendan mukaan sijaitsi Tyynellämerellä?,Mu
Kuka sävelsi Maamme-laulun?,Frederic Pacius
Mainitse kaikki neljä kilpauintityyliä.,"Vapaa-, selkä-, rinta- ja perhosuinti // Freestyle, backstroke, breaststroke, and butterfly swimming."
Mitkä ovat Viron kaksi suurinta saarta?,Hiidenmaa ja Saarenmaa
Mistä sanoista tulee lyhenne DVD?,Digital Versatile Disc
Missä Rauhallisuudenmeri sijaitsee?,Kuussa
Millainen ihminen on hyperbolinen?,Liioitteleva
Montako aaria on yhdessä hehtaarissa?,100
Missä Lähi-idän maassa sijaitsee Palmyran muinaiskaupunki,Syyriassa
Mistä kielestä ventti-korttipelin nimi on lähtöisin?,Ranskasta
Mikä suomalainen juoma tuli myyntiin Alkoon vuonna 1953?,Koskenkorva
Mitkä ovat luterilaisen kirkon kaksi sakramenttia eli pyhää toimitusta?,Kaste ja konfirmaatio
Mikä oli entisen Etelä-Suomen läänin pääkaupunki?,Hämeenlinna
Millä lyhyemmällä nimellä nimitetään naarasmetsoa?,Koppelo
Minkä eläimen pää on griippi-nimisellä taruolennolla?,Kotka
Minkä tuomion sai itsemurhan yrityksestä Viktoriaanisessa Lontoossa?,Kuolemantuomion
Millä nimellä Helsingin Yliopisto tunnettiin vuoteen 1827 asti?,(Keisarillinen) Turun Akatemia
Minkä kansainvälisen hyväntekeväisysjärjestön lyhenne on MSF?,Lääkärit ilman rajoja (Doctors without borders)
"HK:n sininen on kaikille tuttu ruokavalmiste, mutta mikä liha konserni valmistaa punaista lenkkiä?",Atria
Mikä joki virtaa Pietarin läpi?,Neva
Mistä viljakasvista valmistetaan graham-jauhoja?,Vehnästä
"Mitä tarkoittaa suomeksi vironkielinen sana ""pulmad""?",Häät
Ylellä alkoi tänä keväänä uusi animoitu Muumeista kertova sarja. Mikä on tämän sarjan virallinen nimi?,Muumilaakso
Missä tallissa Kimi Räikkönen kilpailee tällä kaudella?,Alfa romeo
"Suomessa nostettiin hiljattain lippu Haminan 100m korkeaan lipputankoon, joka on siis euroopan korkein liiputanko, muttei maailman esimerkiksi yhdysvalloissa on 120m korkea lipputanko. Mainitse yhdysvaltojen lisäksi maa, missä on Haminan lipputankoa korkeampi lipputanko.","Saudi-arabia (170m), Tajikistan (165m), Azerbaijan (162m), Pohjois-korea (160m), Turkmenistan (133m), Jordan (130m sekä 127m), Arabiemiraatit (123m), Pakistan (123m), Malaysia (100m)"
Mistä sanoista tietotekniikasta tuttu lyhenne BIOS tulee?,Basic Input-Output System
Millä nimellä kaatumatauti tunnetaan virallisesti lääketieteessä?,Epilepsia
Suomi pääsi ensimmäistä kertaa  ensimmäistä kertaa naisten jääkiekon MM-kisojen finaaliin ja hävisi siellä USA:lle. Minkä maan Suomi voitti välierissä matkalla finaaliin?,Kanada
Minä vuonna silloinen Yhteiskunnallinen korkeakoulu muutti nimensä Tampereen yliopistoksi?,1966
Millä eläimellä Jeesus ratsasti Jerusalemiin palmusunnuntaina Raamautun mukaan?,Aasilla
Millä nimellä kutsutaan palmusunnuntain jälkeistä maanantaita kutsutaan?,Malkamaanatai
Kuinka monta päivää on paastonaika ennen pääsiäistä?,40
Kenen suomalaisen jännityskirjailijan teoksia ovat Ruttokellot ja Karjalan lunnaat?,Ilkka Remes
Mikä meri on Saudi-Arabian ja Egyptin välissä?,Punainenmeri
Missä ihmisellä on hypotalamus?,Aivoissa
Mikä joki virtaa Kuusankosken läpi?,Kymijoki
Mikä kasvi oli Rentun Ruusu Irwinin samannimisessä laulussa?,Horsma
"Nebukadnessar oli yhden maailman vanhimman sivistysvaltion kuningas, mutta minkä?",Babylonia
Mikä sukupuolitauti tunnetaan myös nimellä syfilis?,Kuppa
Kuinka monta vuotta tuli kuluneeksi Urho Kekkosen syntymästä vuonna 2000?,100 vuotta
Kuka Tuntemattoman sotilaan henkilöistä väitti syövänsä rautaa ja paskantavansa kettinkiä?,Koskela
Millä nimellä asetyylisalisyylihappo rekisteröitiin vuonna 1899?,Aspirin
"Missä lajissa pelaajat yrittävät päästä mahdollisimman lähelle snadia? (Snadi on alunperin nimeltään cochonnet, jos tarvii kääntää)",Petankissa
Mitä antropofagi harrastaa?,Ihmissyöntiä
Mikä valtio lyötti ensimmäisenä olympiarahan nykyaikaisten olympialaisten kunniaksi,Suomi
Kesäisin syanobakteeri on paljon otsikoissa. Mikä on sen yleisempi nimi?,"Sinilevä (Blue-Green Algae, jos tarvii kääntää)"
Mistä maasta minestronekeitto on alunperin kotoisin?,Italiasta
Millä taiteilijanimellä Ilkka Sysimetsä tunnetaan paremmin?,Frederik
"Millä nimellä ""art nouveau"" -tyylisuunta tunnettiin Suomessa?",Jugend
"Missä kaupungissa kappaleen ""House of the Rising Sun"" nimikkotalo sijaitsee?",New Orleansissa
Misä televisiosarjassa keskeisiessä osassa on Southforkin tila?,Dallasissa
"Kuka oli ensimmäinen Rooman keisari, joka joutui salamurhatuksi?",Caligula
Kenet USA:n presidenteistä John Wilkes Booth salamurhasi?,Abraham Lincoln
Mikä kaupunki sijaitsee Sokeritoppavuoren juurella? (englanniksi Sugarloaf Mountain),Rio de Janeiro
Kuka F1-kuski saavutti ensimmäisen osakilpailuvoittonsa sunnuntaisessa (1.9.) Belgian GP:ssä?,Charles Leclerc
Kuka Suomen presidenteistä oli nuorin virkaan astuessaan?,Lauri Kristian Relander
Kuinka monta arkkiatria voi Suomessa olla samanaikaisesti?,Yksi
"Minkä maan kansallislaulussa on vanhimmat sanat? a) Ranska, b) USA, c) Japani, d) Suomi",c) Japani
"Mihin joukkuepeliin liittyvät termit catcher, pitcher ja short stop?",Baseballiin
Millainen syötävä vatruska on?,(Rahka)piiras
Mikä on sampaani?,Vene
Miten Kleopatra teki itsemurhan?,Myrkyllä
"Minkä kirjan mukaan ""herran pelko on viisauden alku""? (englanniksi ""fear of the lord is the beginning of wisdom"")",Raamatun
"Kenen luonnontieteilijän väitetään sanoneen ""eppur si muove"" eli ""se liikkuu sittenkin""? (""And yet it moves"")",Galileo Galilei
Pikku G esiintyy yliopiston avajaisviikolla Opiskelijoiden omissa bileissa. Mikä on Pikku G:n oikea nimi?,Henri Vähäkainu
"Legendan mukaan, mitä Pandoran lippaaseen jäi jäljelle, kun se avautuessaan päästi maailmaan kuoleman, sairaudet ja muita pahuuksia?",Toivo
Gheorge Zamfir on romanialainen artisti jonka sanotaan olevan erään soittimen mestari. Mikä soitin on kyseessä?,panhuilu
"Mikä on pinta-alaltaan maailman suurin valtio, jolla ei ole merien kanssa rantaviivaa",Kazakstan
Miksi kutsutaan häiden 60. vuotispäivää?,Timanttihäiksi
Mille suurelle järvelle avautuu näkymä Kolilta?,Pieliselle
Ketkä legendan mukaan perustivat Rooman kaupungin?,Remus ja Romulus
"Minkä korttipelin termejä ovat kuppaaminen, leikkaaminen ja varastaminen?",Bridge
Kuka oli Väinämöisen vihollinen Kalevalan luomiskertomuksissa?,Joukahainen
Mikä oli vuoden 2017 tilatuin aikakauslehti tilaalehti.fi-sivuston mukaan?,Aku Ankka
Kenneth Cooper kehitti aikoinaan nimeään kantavan liikuntatestin. Mikä hän oli ammatiltaan?,Lääkäri
Monesko matkustaja Alien oli samannimisessä elokuvassa?,Kahdeksas
Mikä alkoholijuoma valmistetaan agave-kasvin käyneestä mehusta?,Tequila
Mikä on halkaisijaltaan Aurinkokunnan suurin kääpiöplaneetta?,Pluto
Paljonko on tiu?,20
Ketkä viettävät helmikuussa penkinpainajaisia?,Abit
"Jos alkoholijuoma juodaan ""on the rocks"", miten se juodaan?",Jäiden kanssa
Minkä ammmattiryhmän seura on Duodecim?,Lääkäreiden
Missä televisiosarjassa keskeisessä osassa on Laura Palmerin murhan tutkinta?,Twin Peaks
Mihin sotaan klassikkoelokuva Casablanca sijoittuu?,2. maailmansota
Millä nimellä kutsutaan Eufrat- ja Tigris-jokien välistä aluetta?,"Kaksoisvirranmaat, Mesopotamia"
Mikä on tällä hetkellä asukasmäärältään Suomen pienin kaupunki?,Kaskinen
Missä lajissa saatetaan pitää mailasta kynänvarsiotteella?,Pöytätennis
Kuka on vanhin Seitsemästä veljeksestä?,Juhani
Kuka on saavuttanut Suomen yleisurheilun viimeisimmän mitalin?,Tero Pitkämäki
"Minkä lääkkeen yksi lempinimistä on ""sininen timantti""?",Viagraa
Millä vuosikymmenellä Helsinki julistettiin Suomen pääkaupungiksi?,1800-luvulla
Millä tavalla ventrilokvisti viihdyttää yleisöään?,Vatsasta puhumalla
Kuka gangsteri järjesti Ystävänpäivän verilöylyn?,Al Capone
Kenen tunnetun suomalaisen kirjallisuushahmon Reijo Mäki on luonut?,Jussi Vares
Minkä horoskooppimerkin saavat 23.9.-22.10. välillä syntyneet lapset?,Vaaka (libra)
Mikä on tällä hetkellä Suomen suurin tornitalo?,Hotelli Torni Tampere
Kuinka monta kertaa Meryl Streep on ollut ehdolla Oscar -gaalassa? a) 9 b) 15 c) 21 d) 26,c) 21
Minä vuonna tämä laina (M/S Silja Europa) on tehnyt neitsytmatkansa?,1993
"Kuka julkaisi lokakuussa albumin “Jesus Is King”, jonka julkaisu viivästyi yli vuodella?",Kanye West
Mikä valtio sijtaisee Floridan ja Kuuban välissä?,Bahama
Minkä soittimen lähisukulaisia ovat spinetti ja virginaali?,Cembalon
"Minkä TV-sarjan pohjalta tehtiin elokuva ""Tuli kulje kanssani""",Twin peaks
"Missä kaupungissa Martin Luther King piti kuuluisan ""I have a dream""-puheensa?",Washington DC
Mitkä ovat  terminaattoristakin tutun Arnoldin sukunimen kolme ensimmäistä kirjainta?,SCH
Missä maassa naiset saivat ensimmäisenä äänioikeuden?,Uusi Seelanti
Minkä nimisen teoksen kirjoitti suomalainen kirjailija Sofi Oksanen vuonna 2019?,Koirapuisto
Mitä raaka-ainetta Bourbon viskissä pitää olla vähintään 51%?,Maissia
Mikä oli Uuno Turhapuron lopullinen sotilasarvo elokuvassa Uuno Turhapuro armeijan leivissä?,Majuri
Kenen taiteilijan töitä on varastettu eniten?,Pablo Picasso
Mikä on vatikaanin valtiomuoto?,Teokratia
Mikä on vuonna 2019 ilmestyneen Joker elokuvan pääosan näyttelijän nimi?,Joaquin Phoenix
Mikä on maailman vanhin yliopisto? // What is the oldest university in the world?,Bolognan yliopisto
Mistä sarjakuvasta kapteeni Haddock on tuttu? // From which comic Captain Haddock is from?,Tintin seikkailut / Tintti
Mikä eläin on korsikanritari? // What kind of animal is Corsican swallowtail?,Perhonen
Minkä maan internet-maatunnus on .cz? // Which country's country code top-level domain is .cz?,Tsekki
"Mikä ruoka tunnetaan siitä, ettei se oikeastaan vanhene koskaan? // Which food is known for being only edible food not going bad?",Hunaja
Kuinka monta hammasta on aikuisella ihmisellä? // How many teeth does an adult human have?,32
"Mikä on ""manttaali""?","Vanha Ruotsin valtakunnan aikainen veroyksikkö, tarkoittaa yhtä normaalikokoista tilaa maata. Oli Käytössä suomessa 1800 luvulle asti"
Missä valtiossa on viimeisimpänä ollut käytössä tsaarin arvonimi?,Bulgariassa
"1920-luvulla vierasperäiselle fysiikan sanalle kvantumi, tai myöhemmin kvantti, ehdotettiin suomenkielistä vastinetta. Mikä oli tämä sana?",Erkale
Mikä oli vanha suomalainen termi fysiikassa käytetylle energian käsitteelle?,Tarmo
What country has won the Rugby World Cup the most times?,New Zealand
"What artist has a world tour names the Eras Tour, running from March 2023 - November 2024",Taylor Swift